{
    "BCC": {
        "Cr": -9.52005384,
        "V": -8.96529006,
        "W": -12.95591411,
        "Ti": -7.69671714,
        "Ta": -11.81975660,
        "Fe": -8.25682767,
        "Mo": -10.93282547,
        "Nb": -10.10322176,
        "Zr": -8.43952352,
        "Hf": -9.74533769
    },
    "FCC": {
        "Cr": 0,
        "V": 0,
        "W": 0,
        "Ti": 0,
        "Ta": 0,
        "Fe": 0,
        "Mo": 0,
        "Nb": 0,
        "Zr": 0,
        "Hf": 0
    },
    "HCP": {
        "Cr": 0,
        "V": 0,
        "W": 0,
        "Ti": 0,
        "Ta": 0,
        "Fe": 0,
        "Mo": 0,
        "Nb": 0,
        "Zr": 0,
        "Hf": 0
    }
}