{
  "Cr-Fe": 0.084061442,
  "Cr-Hf": 0.246829985,
  "Cr-Mn": -0.003056828,
  "Cr-Ta": 0.108474861,
  "Cr-Ti": 0.111009983,
  "Cr-V": -0.053269281,
  "Cr-W": 0.108290856,
  "Fe-Hf": 0.048493947,
  "Fe-Mn": 0.026473923,
  "Fe-Ta": 0.03232962,
  "Fe-Ti": -0.121045208,
  "Fe-V": -0.041100261,
  "Fe-W": 0.167767037,
  "Mn-Ti": -0.141015632,
  "Mn-V": -0.21819771,
  "Ta-Ti": 0.063257547,
  "Ta-V": 0.06496776,
  "Ta-W": -0.061452574,
  "Ti-V": 0.068340752,
  "Ti-W": -0.00801642,
  "V-W": -0.067415954
}