{
  "Cr" :{
    "dft-energy": -9.52,
    "a": 7.489737,
    "b": 71.50498,
    "Tm": 2180 ,
    "c": -91.67562 ,
    "mass":51.9961,
    "debye": 424
  } ,
  "W"  :{
    "dft-energy": -12.96,
    "a": 23.95930,
    "b": 2.639680,
    "Tm": 3695,
    "c": 1.257750,
    "mass": 183.84,
    "debye": 312
  } ,
  "Ta" :{
    "dft-energy": -11.82,
    "a": 20.69482,
    "b": 17.29992 ,
    "Tm": 3293 ,
    "c": -15.68987,
    "mass":180.948,
    "debye": 225
  },
  "Hf" :{
    "dft-energy": -9.91,
    "a": 20.69482,
    "b": 17.29992 ,
    "Tm": 2506 ,
    "c": -15.68987,
    "mass":178.49,
    "debye": 213
  },
  "Ti" :{
    "dft-energy": -7.79,
    "a": 20.69482,
    "b": 17.29992 ,
    "Tm": 1941,
    "c": 15.5 ,
    "mass":47.867,
    "debye": 380
  },
  "V" :{
    "dft-energy": -8.97,
    "a": 20.69482,
    "b": 17.29992 ,
    "Tm": 2183 ,
    "c": -15.68987,
    "mass":50.944,
    "debye": 390
  },
  "Fe": {
    "Tm": 1811,
    "debye": 373
  },
  "Mn": {
    "Tm": 1519,
    "debye": 363
  }
}