{
    "3": {
        "Cr-Fe-Hf": {
            "off_equi": {},
            "mix_enthalpy": 0.1686157,
            "config_entropy": 9.47e-05
        },
        "Cr-Fe-Mn": {
            "off_equi": {},
            "mix_enthalpy": 0.0477682,
            "config_entropy": 9.47e-05
        },
        "Cr-Fe-Ta": {
            "off_equi": {},
            "mix_enthalpy": 0.0999404,
            "config_entropy": 9.47e-05
        },
        "Cr-Fe-Ti": {
            "off_equi": {},
            "mix_enthalpy": 0.0329005,
            "config_entropy": 9.47e-05
        },
        "Cr-Fe-V": {
            "off_equi": {},
            "mix_enthalpy": -0.0045814,
            "config_entropy": 9.47e-05
        },
        "Cr-Fe-W": {
            "off_equi": {},
            "mix_enthalpy": 0.160053,
            "config_entropy": 9.47e-05
        },
        "Cr-Hf-Ta": {
            "off_equi": {},
            "mix_enthalpy": 0.2032466,
            "config_entropy": 9.47e-05
        },
        "Cr-Hf-V": {
            "off_equi": {},
            "mix_enthalpy": 0.1606936,
            "config_entropy": 9.47e-05
        },
        "Cr-Hf-W": {
            "off_equi": {},
            "mix_enthalpy": 0.2120537,
            "config_entropy": 9.47e-05
        },
        "Cr-Mn-Ti": {
            "off_equi": {},
            "mix_enthalpy": -0.0146944,
            "config_entropy": 9.47e-05
        },
        "Cr-Mn-V": {
            "off_equi": {},
            "mix_enthalpy": -0.1220106,
            "config_entropy": 9.47e-05
        },
        "Cr-Ta-Ti": {
            "off_equi": {},
            "mix_enthalpy": 0.1256633,
            "config_entropy": 9.47e-05
        },
        "Cr-Ta-V": {
            "off_equi": {
                "0.1111111111111111,0.2222222222222222,0.6666666666666666": 0.0290864,
                "0.1111111111111111,0.3333333333333333,0.5555555555555556": 0.0439165,
                "0.1111111111111111,0.5555555555555556,0.3333333333333333": 0.0547872,
                "0.2222222222222222,0.1111111111111111,0.6666666666666666": -0.0091934,
                "0.2222222222222222,0.3333333333333333,0.4444444444444444": 0.0366667,
                "0.2222222222222222,0.4444444444444444,0.3333333333333333": 0.0516765,
                "0.2222222222222222,0.6666666666666666,0.1111111111111111": 0.0747366,
                "0.3333333333333333,0.1111111111111111,0.5555555555555556": -0.0132336,
                "0.3333333333333333,0.2222222222222222,0.4444444444444444": 0.0160151,
                "0.3333333333333333,0.5555555555555556,0.1111111111111111": 0.085083,
                "0.4444444444444444,0.2222222222222222,0.3333333333333333": 0.0237267,
                "0.5555555555555556,0.1111111111111111,0.3333333333333333": 0.0010259,
                "0.5555555555555556,0.3333333333333333,0.1111111111111111": 0.074221,
                "0.6666666666666666,0.2222222222222222,0.1111111111111111": 0.0551509
            },
            "mix_enthalpy": 0.0534104,
            "config_entropy": 9.47e-05
        },
        "Cr-Ta-W": {
            "off_equi": {
                "0.1111111111111111,0.2222222222222222,0.6666666666666666": 0.0112848,
                "0.1111111111111111,0.3333333333333333,0.5555555555555556": -0.0069656,
                "0.1111111111111111,0.5555555555555556,0.3333333333333333": -0.0241444,
                "0.2222222222222222,0.1111111111111111,0.6666666666666666": 0.0593086,
                "0.2222222222222222,0.3333333333333333,0.4444444444444444": 0.0222853,
                "0.2222222222222222,0.4444444444444444,0.3333333333333333": 0.0157992,
                "0.2222222222222222,0.6666666666666666,0.1111111111111111": 0.0443347,
                "0.3333333333333333,0.1111111111111111,0.5555555555555556": 0.0755428,
                "0.3333333333333333,0.2222222222222222,0.4444444444444444": 0.0558247,
                "0.3333333333333333,0.5555555555555556,0.1111111111111111": 0.0681963,
                "0.4444444444444444,0.2222222222222222,0.3333333333333333": 0.0666272,
                "0.5555555555555556,0.1111111111111111,0.3333333333333333": 0.0796498,
                "0.5555555555555556,0.3333333333333333,0.1111111111111111": 0.0819211,
                "0.6666666666666666,0.2222222222222222,0.1111111111111111": 0.0739226
            },
            "mix_enthalpy": 0.0690281,
            "config_entropy": 9.47e-05
        },
        "Cr-Ti-V": {
            "off_equi": {},
            "mix_enthalpy": 0.0560362,
            "config_entropy": 9.47e-05
        },
        "Cr-Ti-W": {
            "off_equi": {},
            "mix_enthalpy": 0.0939042,
            "config_entropy": 9.47e-05
        },
        "Cr-V-W": {
            "off_equi": {
                "0.1111111111111111,0.2222222222222222,0.6666666666666666": 0.014837,
                "0.1111111111111111,0.3333333333333333,0.5555555555555556": -0.0087018,
                "0.1111111111111111,0.5555555555555556,0.3333333333333333": -0.0481095,
                "0.2222222222222222,0.1111111111111111,0.6666666666666666": 0.0591663,
                "0.2222222222222222,0.3333333333333333,0.4444444444444444": 0.0014565,
                "0.2222222222222222,0.4444444444444444,0.3333333333333333": -0.0245827,
                "0.2222222222222222,0.6666666666666666,0.1111111111111111": -0.0510957,
                "0.3333333333333333,0.1111111111111111,0.5555555555555556": 0.0700604,
                "0.3333333333333333,0.2222222222222222,0.4444444444444444": 0.0359684,
                "0.3333333333333333,0.5555555555555556,0.1111111111111111": -0.0431748,
                "0.4444444444444444,0.2222222222222222,0.3333333333333333": 0.0323621,
                "0.5555555555555556,0.1111111111111111,0.3333333333333333": 0.0607827,
                "0.5555555555555556,0.3333333333333333,0.1111111111111111": -0.0124126,
                "0.6666666666666666,0.2222222222222222,0.1111111111111111": 0.005431
            },
            "mix_enthalpy": -0.0055086,
            "config_entropy": 9.47e-05
        },
        "Fe-Hf-Ta": {
            "off_equi": {},
            "mix_enthalpy": 0.0812549,
            "config_entropy": 9.47e-05
        },
        "Fe-Hf-V": {
            "off_equi": {},
            "mix_enthalpy": 0.0779528,
            "config_entropy": 9.47e-05
        },
        "Fe-Hf-W": {
            "off_equi": {},
            "mix_enthalpy": 0.1503382,
            "config_entropy": 9.47e-05
        },
        "Fe-Mn-Ti": {
            "off_equi": {},
            "mix_enthalpy": -0.1047053,
            "config_entropy": 9.47e-05
        },
        "Fe-Mn-V": {
            "off_equi": {},
            "mix_enthalpy": -0.1034773,
            "config_entropy": 9.47e-05
        },
        "Fe-Ta-Ti": {
            "off_equi": {},
            "mix_enthalpy": -0.0113147,
            "config_entropy": 9.47e-05
        },
        "Fe-Ta-V": {
            "off_equi": {},
            "mix_enthalpy": 0.0249765,
            "config_entropy": 9.47e-05
        },
        "Fe-Ta-W": {
            "off_equi": {},
            "mix_enthalpy": 0.0616196,
            "config_entropy": 9.47e-05
        },
        "Fe-Ti-V": {
            "off_equi": {},
            "mix_enthalpy": -0.041691,
            "config_entropy": 9.47e-05
        },
        "Fe-Ti-W": {
            "off_equi": {},
            "mix_enthalpy": 0.0172024,
            "config_entropy": 9.47e-05
        },
        "Fe-V-W": {
            "off_equi": {},
            "mix_enthalpy": 0.0263337,
            "config_entropy": 9.47e-05
        },
        "Hf-Ta-V": {
            "off_equi": {},
            "mix_enthalpy": 0.1488746,
            "config_entropy": 9.47e-05
        },
        "Hf-Ta-W": {
            "off_equi": {},
            "mix_enthalpy": 0.0722433,
            "config_entropy": 9.47e-05
        },
        "Hf-V-W": {
            "off_equi": {},
            "mix_enthalpy": 0.0989262,
            "config_entropy": 9.47e-05
        },